Facility/HHS Code,Facility/HHS Desc,Last Month in QTR,Triage_Category,Number of Attendances,Variation in the number of attendances (%),Patients Seen within clinically recommended times (%),Median Waiting time to treatment (minutes),Patients who did not wait for treatment (%),Patients admitted from the Emergency Department (%),Admissions to hospital within 4 hours (%),Patients whose ED stay was within 4 hours (%),Number of patients who left after treatment commenced,Percentage of patients who left after treatment commenced (%),Number of patients who did not wait for treatment
1,Mater Adult,Sep-25,1,83,15.3,100,0,0,67.5,28.6,37.3,0,0,0
1,Mater Adult,Sep-25,2,2974,0.8,43.8,13,1,41.8,20.8,34.9,102,3.4,29
1,Mater Adult,Sep-25,3,6083,8.5,64,22,2.8,39.4,23.2,35.7,236,3.9,170
1,Mater Adult,Sep-25,4,3419,-6.1,82.7,26,6.3,21.8,31.8,53.8,134,3.9,216
1,Mater Adult,Sep-25,5,571,5.9,97.1,24,15.9,6.3,50,76.9,26,4.6,91
1,Mater Adult,Sep-25,ALL,13130,2.5,65.5,21,3.9,34.1,24.2,42,498,3.8,506
4,Prince Charles,Sep-25,1,203,-11,100,0,0,70,47.9,47.8,1,0.5,0
4,Prince Charles,Sep-25,2,5049,1.4,57.1,9,0.3,57.7,39.7,43.9,124,2.5,15
4,Prince Charles,Sep-25,3,13567,0.1,44.6,38,2.7,40.4,29.6,42.4,735,5.4,372
4,Prince Charles,Sep-25,4,9075,1.1,60.9,43,5,14.7,35.4,69.7,458,5,452
4,Prince Charles,Sep-25,5,1092,5.2,79.9,46,7.9,7.5,61,79.3,61,5.6,86
4,Prince Charles,Sep-25,ALL,28986,0.7,53.5,30,3.2,34.3,33.9,52.6,1379,4.8,925
11,Princess Alexandra,Sep-25,1,863,17.7,100,1,0,92.5,53.5,53,4,0.5,0
11,Princess Alexandra,Sep-25,2,5045,1.4,61.8,7,0.9,61.5,22.5,23.2,283,5.6,46
11,Princess Alexandra,Sep-25,3,8063,1.4,55.2,26,2.7,45.6,22.8,27.4,851,10.6,215
11,Princess Alexandra,Sep-25,4,2997,4.9,72.7,33,6.3,21.5,16.7,35.2,471,15.7,189
11,Princess Alexandra,Sep-25,5,845,3,92.3,31,10.4,18.5,63.5,58.2,126,14.9,88
11,Princess Alexandra,Sep-25,ALL,17813,2.7,63.7,17,3,47,25.9,30.2,1735,9.7,538
15,Ipswich,Sep-25,1,287,18.6,100,1,0,79.8,18.8,20.9,2,0.7,0
15,Ipswich,Sep-25,2,7266,16.7,53.2,10,1.1,49.4,25.8,31.4,530,7.3,78
15,Ipswich,Sep-25,3,9469,-3.9,56,26,5,38.4,27.4,38.3,1015,10.7,477
15,Ipswich,Sep-25,4,2759,-5.9,70.4,32,8.8,20,25,51.4,307,11.1,242
15,Ipswich,Sep-25,5,297,-7.8,85,33,14.5,9.4,32.1,67.3,36,12.1,43
15,Ipswich,Sep-25,ALL,20078,2.5,57.9,17,4.2,40,26.3,37.8,1890,9.4,840
16,Redcliffe,Sep-25,1,68,6.3,100,1,0,70.6,29.2,35.3,1,1.5,0
16,Redcliffe,Sep-25,2,2708,5.7,78.7,7,0,60.5,37.5,44.4,50,1.8,1
16,Redcliffe,Sep-25,3,10152,2.2,69.6,17,2.5,42.8,26.5,37.5,805,7.9,252
16,Redcliffe,Sep-25,4,4948,-1,78.9,24,3.7,23.3,33,58.1,373,7.5,184
16,Redcliffe,Sep-25,5,652,15.2,93.5,27,8.7,7.7,50,79.4,44,6.7,57
16,Redcliffe,Sep-25,ALL,18528,2.3,74.3,16,2.7,39,30.2,45.5,1273,6.9,494
22,Queen Elizabeth II,Sep-25,1,127,-20.1,100,1,0,84.3,20.6,25.2,1,0.8,0
22,Queen Elizabeth II,Sep-25,2,3250,-6.7,80,6,0,58.1,33.1,41.6,88,2.7,0
22,Queen Elizabeth II,Sep-25,3,9260,4.1,55.1,26,1,42,24.4,33.3,1288,13.9,91
22,Queen Elizabeth II,Sep-25,4,2995,-7.8,61.6,43,3,19.8,24.2,45.8,516,17.2,89
22,Queen Elizabeth II,Sep-25,5,168,-6.7,82.2,57,8.9,7.1,33.3,73.2,37,22,15
22,Queen Elizabeth II,Sep-25,ALL,15800,-1.1,62.1,18,1.2,41.1,26.9,37.8,1930,12.2,195
28,Redland,Sep-25,1,159,12,100,0,0,67.9,13,22,3,1.9,0
28,Redland,Sep-25,2,4008,13.5,71.1,7,0.2,54.2,41.2,49.9,68,1.7,9
28,Redland,Sep-25,3,7696,4.1,66.6,16,2.3,35.3,36.8,51.5,244,3.2,179
28,Redland,Sep-25,4,3423,6.8,75.1,20,3.9,14.1,42.3,72.1,80,2.3,132
28,Redland,Sep-25,5,459,44.8,92.7,18,5,5.7,38.5,87.1,9,2,23
28,Redland,Sep-25,ALL,15745,8,70.7,12,2.2,34.9,38.6,56.3,404,2.6,343
29,Logan,Sep-25,1,512,21.3,100,0,0,80.5,26,28.9,9,1.8,0
29,Logan,Sep-25,2,11478,23,60.5,9,0.4,49.9,28.5,30.2,960,8.4,48
29,Logan,Sep-25,3,13702,8,54.9,26,3.4,38.7,29.9,36.9,1872,13.7,462
29,Logan,Sep-25,4,3849,-16.1,71,29,7.5,19.2,29.8,50,586,15.2,288
29,Logan,Sep-25,5,349,-33.4,82.2,26,13.2,8,46.4,67.9,46,13.2,46
29,Logan,Sep-25,ALL,29890,8.5,60.2,16,2.8,40.8,29.1,36.2,3473,11.6,844
30,Caboolture,Sep-25,1,98,-9.3,100,1,0,79.6,24.4,20.4,1,1,0
30,Caboolture,Sep-25,2,4086,8.2,62.8,8,0.5,44.5,20.5,29.9,219,5.4,22
30,Caboolture,Sep-25,3,10149,5.7,70.6,17,2.9,38.3,20.2,34.4,1109,10.9,298
30,Caboolture,Sep-25,4,3169,14.6,83.2,17,5.7,17.9,25.2,54.2,473,14.9,180
30,Caboolture,Sep-25,5,194,49.2,91.1,29,10.3,8.2,37.5,70.1,26,13.4,20
30,Caboolture,Sep-25,ALL,17696,8,71.3,14,2.9,36,20.8,37.3,1828,10.3,520
32,Sunshine Coast University,Sep-25,1,186,-4.1,100,0,0,78.5,49.3,46.8,4,2.2,0
32,Sunshine Coast University,Sep-25,2,5969,6.7,82.5,5,0.2,55.8,29.8,36.5,151,2.5,11
32,Sunshine Coast University,Sep-25,3,12992,6.6,69.7,15,1.5,42.7,24.1,38.5,634,4.9,197
32,Sunshine Coast University,Sep-25,4,5485,-14.8,74.7,23,4,16.8,26.5,57.8,425,7.7,221
32,Sunshine Coast University,Sep-25,5,393,-33.9,90.8,32,8.7,8.1,31.3,80.7,27,6.9,34
32,Sunshine Coast University,Sep-25,ALL,25025,0,74.4,12,1.9,39.9,26.6,43,1241,5,463
41,Beaudesert,Sep-25,1,22,144.4,100,1,0,18.2,50,59.1,0,0,0
41,Beaudesert,Sep-25,2,724,10.5,69.9,7,0.1,10.2,27,64.9,10,1.4,1
41,Beaudesert,Sep-25,3,1629,0.1,90.1,10,2.6,8,23.7,74.5,52,3.2,43
41,Beaudesert,Sep-25,4,1895,5.7,93.5,9,6.4,2.9,30.9,87.2,64,3.4,122
41,Beaudesert,Sep-25,5,289,-7.1,100,6,5.9,1.7,80,92.7,4,1.4,17
41,Beaudesert,Sep-25,ALL,4559,3.7,88.3,9,4,5.9,27.5,79.4,130,2.9,183
42,Boonah,Sep-25,1,5,150,100,1,0,20,100,80,0,0,0
42,Boonah,Sep-25,2,161,47.7,73.3,7,0,12.4,70,62.7,3,1.9,0
42,Boonah,Sep-25,3,383,12.3,95,9,0.5,10.2,51.3,71.3,8,2.1,2
42,Boonah,Sep-25,4,428,1.4,96.1,9,2.3,6.1,46.2,82.7,23,5.4,10
42,Boonah,Sep-25,5,120,-21.6,99,8,3.3,3.3,0,94.2,14,11.7,4
42,Boonah,Sep-25,ALL,1097,6.8,92.6,9,1.5,8.2,52.2,77,48,4.4,16
43,Caloundra,Sep-25,1,10,400,100,0,0,0,-,100,1,10,0
43,Caloundra,Sep-25,2,342,50.7,88.3,5,0,0,-,99.1,3,0.9,0
43,Caloundra,Sep-25,3,1199,42.1,90.7,12,1.3,0,-,99.1,10,0.8,16
43,Caloundra,Sep-25,4,5768,46.1,69,34,4.8,0,-,97.3,91,1.6,274
43,Caloundra,Sep-25,5,849,-40.5,92.7,43,9.2,0,-,97.1,13,1.5,78
43,Caloundra,Sep-25,ALL,8168,26.7,75.4,24,4.5,0,-,97.6,118,1.4,368
44,Esk,Sep-25,1,6,200,100,1,0,0,-,83.3,0,0,0
44,Esk,Sep-25,2,163,53.8,81,5,0,14.1,52.2,58.9,0,0,0
44,Esk,Sep-25,3,311,16.5,93.5,8,0.6,7.7,70.8,79.7,5,1.6,2
44,Esk,Sep-25,4,423,-7.4,97.6,8,1.7,3.5,73.3,89.8,11,2.6,7
44,Esk,Sep-25,5,173,-25.1,100,7,1.7,1.7,33.3,94.8,1,0.6,3
44,Esk,Sep-25,ALL,1076,1.2,94.2,7,1.1,6,63.1,83,17,1.6,12
45,Gatton,Sep-25,1,14,27.3,100,1,0,0,-,42.9,0,0,0
45,Gatton,Sep-25,2,370,24.2,83.3,5,0.3,10,59.5,69.7,6,1.6,1
45,Gatton,Sep-25,3,929,-7.7,88.8,11,1,6,50,79.8,40,4.3,9
45,Gatton,Sep-25,4,971,-18.2,96.3,10,1.2,2.3,63.6,92.8,47,4.8,12
45,Gatton,Sep-25,5,389,65.5,98.8,9,3.3,2.6,80,94.3,23,5.9,13
45,Gatton,Sep-25,ALL,2673,-2.4,92.1,9,1.3,4.7,57.6,85,116,4.3,35
46,Kilcoy,Sep-25,1,0,-100,-,-,-,-,-,-,0,-,0
46,Kilcoy,Sep-25,2,41,-47.4,67.5,7,0,4.9,100,78,0,0,0
46,Kilcoy,Sep-25,3,202,4.1,81.2,12,0,10.9,68.2,87.6,5,2.5,0
46,Kilcoy,Sep-25,4,321,-3.3,95.5,12,0.9,5.3,100,95,3,0.9,3
46,Kilcoy,Sep-25,5,165,-36.3,100,10,0.6,1.2,50,97.6,4,2.4,1
46,Kilcoy,Sep-25,ALL,729,-15.6,90.7,11,0.5,5.9,81.4,92.6,12,1.6,4
47,Laidley,Sep-25,1,8,60,100,1,0,0,-,87.5,0,0,0
47,Laidley,Sep-25,2,323,-11.7,65.1,8,0.6,5.6,55.6,67.2,8,2.5,2
47,Laidley,Sep-25,3,664,-13,73.4,17,0.9,4.2,46.4,77.9,43,6.5,6
47,Laidley,Sep-25,4,727,9.7,83.2,17,1.7,3.3,54.2,84.9,56,7.7,12
47,Laidley,Sep-25,5,207,-22.8,96.4,14,6.8,1.9,75,95.2,11,5.3,14
47,Laidley,Sep-25,ALL,1929,-6.6,77.9,14,1.8,3.8,52.7,80.6,118,6.1,34
48,Maleny,Sep-25,1,1,-80,100,0,0,100,100,100,0,0,0
48,Maleny,Sep-25,2,116,8.4,76.7,6,0,12.9,73.3,78.4,2,1.7,0
48,Maleny,Sep-25,3,365,24.6,85.5,10,0.8,11.5,71.4,83.3,6,1.6,3
48,Maleny,Sep-25,4,567,0.2,92.5,14,1.9,5.1,72.4,93.3,7,1.2,11
48,Maleny,Sep-25,5,385,-9.8,98.7,16,2.3,2.3,55.6,97.1,5,1.3,9
48,Maleny,Sep-25,ALL,1434,2.6,90.7,12,1.6,6.7,70.8,90.6,20,1.4,23
49,Nambour,Sep-25,1,37,-14,100,0,0,27,60,43.2,1,2.7,0
49,Nambour,Sep-25,2,2337,0.6,81.8,6,0.1,40.2,32.7,42.3,52,2.2,3
49,Nambour,Sep-25,3,7121,5.6,75.4,15,1.6,33.1,23.9,45.2,346,4.9,114
49,Nambour,Sep-25,4,6277,0.5,77.8,25,4.3,8.4,27.8,75.3,310,4.9,270
49,Nambour,Sep-25,5,1027,-12,95.9,26,5.8,1.4,42.9,96.1,19,1.9,60
49,Nambour,Sep-25,ALL,16799,1.7,78.5,16,2.7,22.9,26.8,59.2,728,4.3,447
61,Biggenden MPHS,Sep-25,1,0,-100,-,-,-,-,-,-,0,-,0
61,Biggenden MPHS,Sep-25,2,39,34.5,94.9,0,0,69.2,100,97.4,0,0,0
61,Biggenden MPHS,Sep-25,3,85,19.7,96.4,0,0,51.8,97.7,97.6,0,0,0
61,Biggenden MPHS,Sep-25,4,194,-7.6,97.9,0,2.1,14.4,92.9,97.9,1,0.5,4
61,Biggenden MPHS,Sep-25,5,134,16.5,100,0,2.2,3,100,99.3,0,0,3
61,Biggenden MPHS,Sep-25,ALL,452,6.1,98,0,1.5,22.8,97.1,98.2,1,0.2,7
62,Bundaberg,Sep-25,1,55,34.1,100,0,0,56.4,29,29.1,2,3.6,0
62,Bundaberg,Sep-25,2,2178,0.9,58.7,9,1.1,44.9,18.8,27.9,178,8.2,23
62,Bundaberg,Sep-25,3,5930,1.5,39.3,44,6.7,32.4,9.8,31,828,14,396
62,Bundaberg,Sep-25,4,3289,3,58.7,45,11.4,9.7,15.7,61,348,10.6,376
62,Bundaberg,Sep-25,5,340,-11.5,89,25,17.4,2.9,20,80.6,29,8.5,59
62,Bundaberg,Sep-25,ALL,11792,1.5,49.8,33,7.2,27.6,13.3,40.2,1385,11.7,854
63,Cherbourg,Sep-25,1,4,300,100,0,0,25,100,75,0,0,0
63,Cherbourg,Sep-25,2,69,-28.1,80.6,2,2.9,13,66.7,62.3,2,2.9,2
63,Cherbourg,Sep-25,3,327,1.6,78,9,4,15.6,74.5,81.3,16,4.9,13
63,Cherbourg,Sep-25,4,753,18.6,81.4,18,10.1,3.9,55.2,91.6,17,2.3,76
63,Cherbourg,Sep-25,5,498,22.7,96.2,26,12.7,2,70,96.2,13,2.6,63
63,Cherbourg,Sep-25,ALL,1651,13.1,84.3,16,9.3,6.1,68,89.7,48,2.9,154
64,Childers,Sep-25,1,23,360,100,0,0,69.6,100,91.3,0,0,0
64,Childers,Sep-25,2,135,37.8,92.5,0,0.7,50.4,95.6,96.3,1,0.7,1
64,Childers,Sep-25,3,396,-7.7,90.6,0,0.8,31.8,92.1,95.2,1,0.3,3
64,Childers,Sep-25,4,450,-16.2,94.6,0,1.6,12.7,94.7,98,1,0.2,7
64,Childers,Sep-25,5,252,44.8,98.7,0,4.8,1.6,100,96.4,0,0,12
64,Childers,Sep-25,ALL,1256,1,93.9,0,1.8,21.6,94.1,96.5,3,0.2,23
65,Eidsvold MPHS,Sep-25,1,1,0,100,0,0,100,100,100,0,0,0
65,Eidsvold MPHS,Sep-25,2,12,71.4,100,0,0,50,100,100,1,8.3,0
65,Eidsvold MPHS,Sep-25,3,37,-2.6,97.3,0,0,45.9,100,97.3,0,0,0
65,Eidsvold MPHS,Sep-25,4,36,-32.1,100,0,2.8,19.4,100,100,0,0,1
65,Eidsvold MPHS,Sep-25,5,33,-37.7,100,0,6.1,3,100,100,0,0,2
65,Eidsvold MPHS,Sep-25,ALL,119,-21.7,99.1,0,2.5,26.9,100,99.2,1,0.8,3
66,Gayndah,Sep-25,1,4,-,100,0,0,100,100,100,0,0,0
66,Gayndah,Sep-25,2,74,-12.9,97.2,0,1.4,63.5,97.9,91.9,0,0,1
66,Gayndah,Sep-25,3,155,-14.8,100,0,0.6,43.9,98.5,98.7,0,0,1
66,Gayndah,Sep-25,4,169,0,99.4,0,2.4,15.4,100,95.9,2,1.2,4
66,Gayndah,Sep-25,5,109,7.9,100,0,5.5,4.6,100,94.5,1,0.9,6
66,Gayndah,Sep-25,ALL,511,-4.8,99.4,0,2.3,29.4,98.7,95.9,3,0.6,12
67,Gin Gin,Sep-25,1,0,-,-,-,-,-,-,-,0,-,0
67,Gin Gin,Sep-25,2,49,8.9,93.9,0,0,32.7,100,98,3,6.1,0
67,Gin Gin,Sep-25,3,193,8.4,95.3,0,0,31.6,100,97.9,5,2.6,0
67,Gin Gin,Sep-25,4,409,1.5,96.5,5,2.4,13.7,100,99,3,0.7,10
67,Gin Gin,Sep-25,5,310,-30.6,100,7,3.5,6.8,100,100,4,1.3,11
67,Gin Gin,Sep-25,ALL,961,-10.4,97.2,5,2.2,16,100,99.1,15,1.6,21
68,Gympie,Sep-25,1,46,12.2,100,0,0,41.3,15.8,32.6,2,4.3,0
68,Gympie,Sep-25,2,1471,13,84.8,6,0.1,43.5,39.8,50.3,35,2.4,1
68,Gympie,Sep-25,3,3832,7.2,75.7,15,1.3,26.5,28.1,53.7,243,6.3,48
68,Gympie,Sep-25,4,3120,-12.5,86.2,19,3.3,7.7,31.3,78.7,222,7.1,102
68,Gympie,Sep-25,5,324,-16.9,97.3,17,4,1.9,50,93.2,17,5.2,13
68,Gympie,Sep-25,ALL,8793,-0.9,81.7,13,1.9,21.8,32.3,63.3,519,5.9,164
69,Hervey Bay,Sep-25,1,82,26.2,100,0,0,68.3,32.1,32.9,2,2.4,0
69,Hervey Bay,Sep-25,2,2126,15.2,83.9,5,0,57.1,29.8,35.3,53,2.5,1
69,Hervey Bay,Sep-25,3,5388,2.9,35.5,53,5.3,42.6,17.2,33.9,361,6.7,283
69,Hervey Bay,Sep-25,4,3369,-19.7,42.9,81,11.3,21.8,17.7,50.5,287,8.5,381
69,Hervey Bay,Sep-25,5,313,-32.7,71.2,41,16.9,3.8,33.3,76,16,5.1,53
69,Hervey Bay,Sep-25,ALL,11278,-4.5,48.9,36,6.4,38.2,21.1,40.3,719,6.4,718
70,Kingaroy,Sep-25,1,37,-35.1,100,0,0,29.7,9.1,29.7,0,0,0
70,Kingaroy,Sep-25,2,837,-6.8,49.1,11,0.7,38.1,29.8,38.7,25,3,6
70,Kingaroy,Sep-25,3,2284,15.2,59,24,2.5,22.2,26.6,54.2,85,3.7,56
70,Kingaroy,Sep-25,4,2211,0.8,67.6,33,4.3,4.4,36.1,79.4,99,4.5,95
70,Kingaroy,Sep-25,5,665,-28.1,89.8,25,6.3,1.4,55.6,91.1,17,2.6,42
70,Kingaroy,Sep-25,ALL,6034,-0.4,64,24,3.3,15.6,28.7,65.2,226,3.7,199
71,Maryborough,Sep-25,1,41,-25.5,100,0,0,22,33.3,58.5,0,0,0
71,Maryborough,Sep-25,2,1062,-7.2,81.4,6,0.2,41.1,65.9,58.2,15,1.4,2
71,Maryborough,Sep-25,3,2487,-4.2,50.2,30,2.9,31,53.8,59.1,95,3.8,71
71,Maryborough,Sep-25,4,2598,-8.1,55.8,50,8.5,10.8,46.6,75.9,121,4.7,222
71,Maryborough,Sep-25,5,242,-15.7,86.9,19,16.5,3.3,75,89.7,5,2.1,40
71,Maryborough,Sep-25,ALL,6430,-6.9,59.4,26,5.2,23.4,55.9,66.9,236,3.7,335
72,Monto,Sep-25,1,1,-,100,0,0,100,100,100,0,0,0
72,Monto,Sep-25,2,39,14.7,97.4,0,0,82.1,100,97.4,1,2.6,0
72,Monto,Sep-25,3,104,38.7,99,0,0,55.8,100,100,2,1.9,0
72,Monto,Sep-25,4,205,30.6,97.1,0,0.5,23.9,100,99,2,1,1
72,Monto,Sep-25,5,104,26.8,100,0,2.9,11.5,100,100,2,1.9,3
72,Monto,Sep-25,ALL,453,30.2,98.2,0,0.9,33.6,100,99.3,7,1.5,4
74,Mundubbera MPHS,Sep-25,1,2,100,100,0,0,100,100,100,0,0,0
74,Mundubbera MPHS,Sep-25,2,22,120,100,0,0,68.2,100,100,0,0,0
74,Mundubbera MPHS,Sep-25,3,64,36.2,100,0,0,34.4,95.5,98.4,1,1.6,0
74,Mundubbera MPHS,Sep-25,4,88,3.5,100,0,1.1,15.9,100,100,0,0,1
74,Mundubbera MPHS,Sep-25,5,31,29.2,100,0,0,0,-,100,0,0,0
74,Mundubbera MPHS,Sep-25,ALL,207,24,100,0,0.5,25.6,98.1,99.5,1,0.5,1
75,Murgon,Sep-25,1,3,-25,100,0,0,0,-,100,0,0,0
75,Murgon,Sep-25,2,89,14.1,76.4,1,0,19.1,76.5,68.5,3,3.4,0
75,Murgon,Sep-25,3,277,-4.5,84.1,5,3.6,15.5,79.1,80.1,7,2.5,10
75,Murgon,Sep-25,4,459,-18.6,93.5,8,9.2,5.2,70.8,91.5,2,0.4,42
75,Murgon,Sep-25,5,263,1.9,97.4,10,7.2,1.1,100,96.6,1,0.4,19
75,Murgon,Sep-25,ALL,1091,-8.6,90.1,6,6.5,8,77,88,13,1.2,71
76,Nanango,Sep-25,1,1,-66.7,100,1,0,0,-,0,0,0,0
76,Nanango,Sep-25,2,31,-13.9,83.9,0,0,0,-,80.6,2,6.5,0
76,Nanango,Sep-25,3,54,-27,92.3,2,3.7,1.9,100,79.6,1,1.9,2
76,Nanango,Sep-25,4,301,-15.4,93.3,8,2.7,0.7,100,95.7,0,0,8
76,Nanango,Sep-25,5,337,-47.8,98.9,8,3.6,0,-,98.8,1,0.3,12
76,Nanango,Sep-25,ALL,724,-35.1,94.6,6,3,0.4,100,95.2,4,0.6,22
91,Chinchilla,Sep-25,1,10,100,100,0,0,40,50,70,0,0,0
91,Chinchilla,Sep-25,2,188,22.1,69.9,6,1.1,50,85.1,83,0,0,2
91,Chinchilla,Sep-25,3,525,19,78.5,14,1.3,26.3,87,90.9,4,0.8,7
91,Chinchilla,Sep-25,4,1171,15.1,86.6,19,4,7.7,85.6,96.1,1,0.1,47
91,Chinchilla,Sep-25,5,992,-15.2,97.8,16,3.5,2.4,91.7,98.2,1,0.1,35
91,Chinchilla,Sep-25,ALL,2886,3.6,86.4,16,3.2,12.1,86,94.9,6,0.2,91
92,Dalby,Sep-25,1,8,-20,100,0,0,25,50,62.5,0,0,0
92,Dalby,Sep-25,2,490,-0.6,46.9,11,0,46.9,76.1,72.9,9,1.8,0
92,Dalby,Sep-25,3,1348,-11.4,48.7,32,2.4,26.3,64.8,75.2,11,0.8,33
92,Dalby,Sep-25,4,1532,12,57.4,49,9.5,7.9,70.2,86.4,3,0.2,146
92,Dalby,Sep-25,5,441,-19.2,88.6,30,11.6,2.9,53.8,92.5,2,0.5,51
92,Dalby,Sep-25,ALL,3819,-3,55.9,33,6,18.9,69.1,81.4,25,0.7,230
93,Goondiwindi,Sep-25,1,4,-20,100,0,0,50,100,50,0,0,0
93,Goondiwindi,Sep-25,2,264,88.6,76,3,0,51.5,72.1,74.6,4,1.5,0
93,Goondiwindi,Sep-25,3,797,39.3,83.7,9,2.6,24.1,73.4,85.3,2,0.3,21
93,Goondiwindi,Sep-25,4,1241,-26.2,88.8,12,7.3,3.8,70.2,91.2,4,0.3,91
93,Goondiwindi,Sep-25,5,488,-24.5,97.5,15,7.2,1,80,98.2,1,0.2,35
93,Goondiwindi,Sep-25,ALL,2794,-8.2,87.4,10,5.3,13.7,72.8,89.1,11,0.4,147
95,Jandowae,Sep-25,1,2,0,100,0,0,50,100,100,0,0,0
95,Jandowae,Sep-25,2,44,57.1,88.4,0,2.3,40.9,100,97.7,2,4.5,1
95,Jandowae,Sep-25,3,140,38.6,94.2,0,0.7,19.3,100,98.6,1,0.7,1
95,Jandowae,Sep-25,4,203,-22.8,97.8,1,1,2,100,99,2,1,2
95,Jandowae,Sep-25,5,202,-4.7,100,0,0.5,5,100,100,0,0,1
95,Jandowae,Sep-25,ALL,591,-2.5,96.5,0,0.8,10.2,100,99.2,5,0.8,5
97,Miles,Sep-25,1,2,-,100,0,0,100,100,100,0,0,0
97,Miles,Sep-25,2,64,23.1,84.4,1,0,40.6,80.8,90.6,4,6.3,0
97,Miles,Sep-25,3,197,-4.4,91.7,3,1.5,32,93.7,89.3,4,2,3
97,Miles,Sep-25,4,379,0.8,94.1,10,2.6,11.1,88.1,95.3,0,0,10
97,Miles,Sep-25,5,398,-21.3,97.1,15,2.8,6,91.7,98.2,4,1,11
97,Miles,Sep-25,ALL,1040,-8.8,93.8,8,2.3,15.1,89.8,95,12,1.2,24
98,Millmerran,Sep-25,1,2,-50,100,0,0,0,-,0,0,0,0
98,Millmerran,Sep-25,2,90,15.4,95.6,0,0,25.6,78.3,81.1,1,1.1,0
98,Millmerran,Sep-25,3,226,5.6,96,0,0.9,18.1,80.5,85,1,0.4,2
98,Millmerran,Sep-25,4,215,-22.9,96.9,0,7.9,1.9,100,96.3,2,0.9,17
98,Millmerran,Sep-25,5,181,2.8,99.3,0,5,5,100,98.3,0,0,9
98,Millmerran,Sep-25,ALL,714,-4.9,97,0,3.9,10.8,83.1,91,4,0.6,28
99,Oakey,Sep-25,1,0,-,-,-,-,-,-,-,0,-,0
99,Oakey,Sep-25,2,20,-35.5,100,1,0,20,100,85,1,5,0
99,Oakey,Sep-25,3,198,-18.5,95.9,4,1,21.7,95.3,93.9,2,1,2
99,Oakey,Sep-25,4,346,2.4,97.6,5,2.3,5.8,85,96.5,2,0.6,8
99,Oakey,Sep-25,5,135,-3.6,100,3,4.4,0.7,100,99.3,0,0,6
99,Oakey,Sep-25,ALL,699,-7,97.6,5,2.3,9.7,92.6,96,5,0.7,16
100,Stanthorpe,Sep-25,1,14,366.7,100,0,0,35.7,80,64.3,0,0,0
100,Stanthorpe,Sep-25,2,341,4.9,86.5,2,0,41.1,61.4,69.2,3,0.9,0
100,Stanthorpe,Sep-25,3,835,23.3,86.5,5,2.8,22.6,61.4,84.8,2,0.2,23
100,Stanthorpe,Sep-25,4,864,4.3,90.5,6,6.8,5.2,60,91.9,8,0.9,59
100,Stanthorpe,Sep-25,5,469,8.1,98.9,2,6.4,1.9,100,97.9,1,0.2,30
100,Stanthorpe,Sep-25,ALL,2523,11.3,89.9,4,4.4,15.4,62.4,87.4,14,0.6,112
101,Tara,Sep-25,1,7,75,100,0,0,42.9,100,85.7,0,0,0
101,Tara,Sep-25,2,117,23.2,92.3,0,0,31.6,78.4,79.5,5,4.3,0
101,Tara,Sep-25,3,258,-4.1,94.5,0,0.8,16.3,85.7,88,5,1.9,2
101,Tara,Sep-25,4,309,-13.4,97,0,1.6,6.1,84.2,96.8,4,1.3,5
101,Tara,Sep-25,5,680,16.4,99.6,2,2.2,0.9,100,99.1,2,0.3,15
101,Tara,Sep-25,ALL,1371,4.7,97,0,1.6,7.8,84.1,94.7,16,1.2,22
102,Taroom,Sep-25,1,0,-,-,-,-,-,-,-,0,-,0
102,Taroom,Sep-25,2,24,4.3,95.8,0,0,41.7,100,95.8,0,0,0
102,Taroom,Sep-25,3,52,0,98.1,0,0,40.4,100,96.2,0,0,0
102,Taroom,Sep-25,4,124,8.8,100,0,0,6.5,100,100,0,0,0
102,Taroom,Sep-25,5,369,3.4,99.2,3,0.5,0.3,100,100,0,0,2
102,Taroom,Sep-25,ALL,569,4.2,99.1,1,0.4,7,100,99.5,0,0,2
103,Texas,Sep-25,1,0,-100,-,-,-,-,-,-,0,-,0
103,Texas,Sep-25,2,14,16.7,85.7,0,0,35.7,60,71.4,0,0,0
103,Texas,Sep-25,3,60,5.3,93.1,0,3.3,23.3,57.1,83.3,0,0,2
103,Texas,Sep-25,4,93,-26.8,96.7,0,2.2,6.5,33.3,90.3,0,0,2
103,Texas,Sep-25,5,284,32.7,99.1,10,0,0,-,98.9,0,0,0
103,Texas,Sep-25,ALL,451,9.7,96.3,4,0.9,5.5,52,94.2,0,0,4
104,Toowoomba,Sep-25,1,200,13.6,100,0,0,69.5,16.5,21,1,0.5,0
104,Toowoomba,Sep-25,2,4290,19.7,49.4,11,0.3,50.1,26.2,35,146,3.4,14
104,Toowoomba,Sep-25,3,8814,2.8,46.3,35,4.3,35.2,29.4,42.7,996,11.3,376
104,Toowoomba,Sep-25,4,2453,-9.8,63.2,38,8.6,13.5,33.3,62.7,342,13.9,212
104,Toowoomba,Sep-25,5,286,-8.3,81.3,31,12.2,5.2,73.3,76.9,28,9.8,35
104,Toowoomba,Sep-25,ALL,16043,4.4,50.9,25,4,35.8,28.2,44,1513,9.4,637
105,Warwick,Sep-25,1,71,121.9,100,0,0,35.2,40,49.3,0,0,0
105,Warwick,Sep-25,2,779,-3.1,52.2,10,0.3,46.2,55.6,59.8,7,0.9,2
105,Warwick,Sep-25,3,1884,-4.8,56,25,3.2,25.3,46.3,69.5,27,1.4,61
105,Warwick,Sep-25,4,1880,-17.5,63.4,39,9.5,5.2,30.6,84.6,16,0.9,179
105,Warwick,Sep-25,5,568,2.3,88.8,27,10.7,1.6,55.6,92.8,2,0.4,61
105,Warwick,Sep-25,ALL,5182,-8.2,61.8,24,5.8,18.7,48.1,75.8,52,1,303
106,Wandoan,Sep-25,1,0,-,-,-,-,-,-,-,0,-,0
106,Wandoan,Sep-25,2,1,-,100,0,0,0,-,100,0,0,0
106,Wandoan,Sep-25,3,1,-80,100,0,0,0,-,100,0,0,0
106,Wandoan,Sep-25,4,30,-38.8,100,0,0,0,-,100,0,0,0
106,Wandoan,Sep-25,5,306,20.9,100,0,0,0,-,99.7,0,0,0
106,Wandoan,Sep-25,ALL,338,10.1,100,0,0,0,-,99.7,0,0,0
112,Charleville,Sep-25,1,0,-100,-,-,-,-,-,-,0,-,0
112,Charleville,Sep-25,2,123,44.7,100,0,3.3,51.2,85.7,78,0,0,4
112,Charleville,Sep-25,3,316,-8.1,100,0,1.9,30.7,70.1,84.5,5,1.6,6
112,Charleville,Sep-25,4,549,2.6,100,0,3.1,11.3,79,90.9,4,0.7,17
112,Charleville,Sep-25,5,250,57.2,100,0,6.8,5.6,71.4,93.2,2,0.8,17
112,Charleville,Sep-25,ALL,1238,9.9,100,0,3.6,19.1,76.7,88.4,11,0.9,44
113,Cunnamulla,Sep-25,1,4,300,100,0,0,25,100,50,0,0,0
113,Cunnamulla,Sep-25,2,57,83.9,100,0,0,38.6,77.3,78.9,1,1.8,0
113,Cunnamulla,Sep-25,3,159,29.3,96.8,0,0.6,28.3,93.3,89.9,3,1.9,1
113,Cunnamulla,Sep-25,4,192,21.5,98.9,0,1.6,6.8,84.6,95.8,1,0.5,3
113,Cunnamulla,Sep-25,5,113,36.1,100,0,2.7,0.9,100,99.1,1,0.9,3
113,Cunnamulla,Sep-25,ALL,525,32.6,98.6,0,1.3,15.6,87.8,92.6,6,1.1,7
114,Dirranbandi,Sep-25,1,0,-100,-,-,-,-,-,-,0,-,0
114,Dirranbandi,Sep-25,2,19,46.2,100,0,0,31.6,83.3,73.7,2,10.5,0
114,Dirranbandi,Sep-25,3,52,-20,96.2,0,0,25,76.9,92.3,0,0,0
114,Dirranbandi,Sep-25,4,81,-12,97.5,0,1.2,8.6,85.7,97.5,1,1.2,1
114,Dirranbandi,Sep-25,5,67,-10.7,98.1,0,1.5,1.5,100,100,0,0,1
114,Dirranbandi,Sep-25,ALL,219,-11.3,97.5,0,0.9,12.3,81.5,95,3,1.4,2
116,Mitchell,Sep-25,1,1,-,100,0,0,0,-,100,0,0,0
116,Mitchell,Sep-25,2,40,-20,100,0,0,80,93.8,87.5,0,0,0
116,Mitchell,Sep-25,3,114,-4.2,100,0,0,36.8,95.2,92.1,3,2.6,0
116,Mitchell,Sep-25,4,138,-0.7,100,0,2.2,13.8,84.2,95.7,2,1.4,3
116,Mitchell,Sep-25,5,65,66.7,100,0,0,6.2,100,96.9,0,0,0
116,Mitchell,Sep-25,ALL,358,3.2,100,0,0.8,27.1,92.8,93.9,5,1.4,3
117,Mungindi,Sep-25,1,3,-,100,0,0,100,100,100,0,0,0
117,Mungindi,Sep-25,2,6,-64.7,100,0,0,0,-,50,0,0,0
117,Mungindi,Sep-25,3,50,4.2,100,0,0,18,88.9,88,0,0,0
117,Mungindi,Sep-25,4,92,-8,98.9,0,1.1,9.8,88.9,89.1,1,1.1,1
117,Mungindi,Sep-25,5,22,-21.4,100,0,0,0,-,100,0,0,0
117,Mungindi,Sep-25,ALL,173,-10.4,99.4,0,0.6,12.1,90.5,89,1,0.6,1
118,Quilpie,Sep-25,1,1,0,100,0,0,100,100,100,0,0,0
118,Quilpie,Sep-25,2,26,85.7,100,0,0,46.2,83.3,92.3,2,7.7,0
118,Quilpie,Sep-25,3,45,-13.5,100,0,2.2,28.9,100,97.8,0,0,1
118,Quilpie,Sep-25,4,76,10.1,100,0,0,9.2,100,97.4,0,0,0
118,Quilpie,Sep-25,5,52,0,100,0,1.9,1.9,100,100,0,0,1
118,Quilpie,Sep-25,ALL,200,6.4,100,0,1,17,94.1,97.5,2,1,2
119,Roma,Sep-25,1,9,80,100,0,0,44.4,0,22.2,0,0,0
119,Roma,Sep-25,2,292,5.4,97.9,3,0.7,36,29.5,46.9,4,1.4,2
119,Roma,Sep-25,3,936,17.1,89.6,12,1.6,21.6,28.7,61.9,9,1,15
119,Roma,Sep-25,4,1342,1.8,90.4,20,8.5,7.6,23.5,76.9,17,1.3,114
119,Roma,Sep-25,5,347,-13,97.6,23,11.8,5.8,70,91.9,2,0.6,41
119,Roma,Sep-25,ALL,2926,4.6,91.8,14,5.9,14.8,29.3,70.7,32,1.1,172
120,St George,Sep-25,1,1,-83.3,100,2,0,0,-,100,0,0,0
120,St George,Sep-25,2,82,26.2,100,0,0,53.7,95.5,95.1,0,0,0
120,St George,Sep-25,3,282,16,99.6,5,0.7,25.2,100,99.6,0,0,2
120,St George,Sep-25,4,539,-4.1,99.8,5,0.6,8.9,100,98,1,0.2,3
120,St George,Sep-25,5,421,-40.6,100,7,0.5,3.8,100,99.5,2,0.5,2
120,St George,Sep-25,ALL,1325,-16.4,99.8,5,0.5,13.5,98.9,98.6,3,0.2,7
121,Surat,Sep-25,1,3,-,100,0,0,33.3,100,100,0,0,0
121,Surat,Sep-25,2,9,-25,100,0,0,66.7,100,77.8,0,0,0
121,Surat,Sep-25,3,49,63.3,97.9,0,2,16.3,62.5,83.7,1,2,1
121,Surat,Sep-25,4,91,23,98.9,0,0,8.8,75,85.7,0,0,0
121,Surat,Sep-25,5,68,-19,98.2,0,0,0,-,97.1,0,0,0
121,Surat,Sep-25,ALL,220,10,98.5,0,0.5,10.5,78.3,88.6,1,0.5,1
133,Biloela,Sep-25,1,6,20,100,0,0,33.3,50,66.7,0,0,0
133,Biloela,Sep-25,2,206,1.5,71.3,5,1.9,24.3,68,63.1,4,1.9,4
133,Biloela,Sep-25,3,623,4,76.8,10,2.9,13.5,61.9,77,15,2.4,18
133,Biloela,Sep-25,4,612,-26,86.3,11,9.6,1.8,81.8,92.8,15,2.5,59
133,Biloela,Sep-25,5,364,-8.1,95.1,15,6.6,0.5,100,95.6,3,0.8,24
133,Biloela,Sep-25,ALL,1811,-10.8,82.5,10,5.8,8.2,65.8,84.5,37,2,105
134,Blackwater,Sep-25,1,5,66.7,100,0,0,20,100,60,0,0,0
134,Blackwater,Sep-25,2,161,-13.4,89.4,0,0.6,9.9,50,56.5,5,3.1,1
134,Blackwater,Sep-25,3,454,1.3,94.1,5,2.9,4.2,73.7,82.8,9,2,13
134,Blackwater,Sep-25,4,976,6.7,95.8,5,5,1,80,96.2,10,1,49
134,Blackwater,Sep-25,5,136,-32.7,100,4,3.7,0,-,100,1,0.7,5
134,Blackwater,Sep-25,ALL,1732,-1.3,95,5,3.9,2.7,67.4,89.2,25,1.4,68
135,Emerald,Sep-25,1,22,0,100,0,0,45.5,80,63.6,0,0,0
135,Emerald,Sep-25,2,507,12.2,49.2,11,0.2,43,71.6,64.5,12,2.4,1
135,Emerald,Sep-25,3,1517,1.9,50,31,1.6,24.2,57.8,69.9,38,2.5,24
135,Emerald,Sep-25,4,1873,-1.6,52.3,56,5.4,4.6,46.5,79.9,73,3.9,101
135,Emerald,Sep-25,5,457,15.4,78.1,34,11.4,2.6,66.7,86.4,18,3.9,52
135,Emerald,Sep-25,ALL,4376,2.7,53.7,35,4.1,15.8,61.2,75.3,141,3.2,178
136,Gladstone,Sep-25,1,66,22.2,100,0,0,57.6,50,39.4,3,4.5,0
136,Gladstone,Sep-25,2,1378,14,59.8,8,0.1,39.4,31.7,49.7,41,3,2
136,Gladstone,Sep-25,3,3512,-3.5,74.3,18,2.6,24.4,24.5,50.6,249,7.1,92
136,Gladstone,Sep-25,4,3323,-24.1,91.4,18,5.3,8.2,25.4,70.6,289,8.7,176
136,Gladstone,Sep-25,5,487,0.8,96.8,14,7.6,4.3,42.9,86.7,24,4.9,37
136,Gladstone,Sep-25,ALL,8766,-10.2,79.6,16,3.5,19.8,27.7,60,606,6.9,307
139,Mount Morgan,Sep-25,1,2,-60,100,0,0,0,-,100,0,0,0
139,Mount Morgan,Sep-25,2,125,21.4,95.1,0,2.4,16.8,47.6,63.2,7,5.6,3
139,Mount Morgan,Sep-25,3,266,-22,89.1,1,2.6,8.3,45.5,77.4,8,3,7
139,Mount Morgan,Sep-25,4,327,-12.6,95.7,1,3.1,2.1,28.6,85.6,4,1.2,10
139,Mount Morgan,Sep-25,5,102,96.2,100,2,9.8,2,50,89.2,0,0,10
139,Mount Morgan,Sep-25,ALL,822,-6.1,93.9,1,3.6,6.3,44.2,80,19,2.3,30
140,Moura,Sep-25,1,1,0,100,0,0,0,-,0,0,0,0
140,Moura,Sep-25,2,47,113.6,97.8,0,2.1,27.7,92.3,91.5,0,0,1
140,Moura,Sep-25,3,94,-22.3,98.9,0,2.1,19.1,77.8,85.1,2,2.1,2
140,Moura,Sep-25,4,182,-9.9,100,0,1.1,4.4,100,98.4,2,1.1,2
140,Moura,Sep-25,5,98,-41.7,100,0,3.1,1,100,100,0,0,3
140,Moura,Sep-25,ALL,422,-17.9,99.5,0,1.9,9.5,87.5,94.8,4,0.9,8
141,Rockhampton,Sep-25,1,98,-21.6,100,0,0,63.3,41.9,37.8,1,1,0
141,Rockhampton,Sep-25,2,2643,10.3,83.6,5,0.5,42.8,23.3,38.9,117,4.4,14
141,Rockhampton,Sep-25,3,5598,-3.6,52.6,28,3.2,32.7,19.1,40.9,297,5.3,177
141,Rockhampton,Sep-25,4,4255,9.4,66.7,35,5.6,13.5,16.4,63.2,215,5.1,237
141,Rockhampton,Sep-25,5,563,10.4,91,24,9.6,6.4,30.6,83.8,20,3.6,54
141,Rockhampton,Sep-25,ALL,13157,3.4,65.4,18,3.7,27.6,20.5,49.5,650,4.9,482
142,Springsure,Sep-25,1,2,100,100,0,0,100,100,100,0,0,0
142,Springsure,Sep-25,2,26,8.3,96.2,0,0,19.2,80,57.7,0,0,0
142,Springsure,Sep-25,3,119,6.3,94.9,0,0,24.4,72.4,75.6,2,1.7,0
142,Springsure,Sep-25,4,132,-9.6,98.3,0,2.3,7.6,60,92.4,1,0.8,3
142,Springsure,Sep-25,5,353,72.2,99.5,0,1.1,0.6,100,98.6,0,0,4
142,Springsure,Sep-25,ALL,632,29.5,97.8,0,1.1,7.6,72.9,91.3,3,0.5,7
144,Capricorn Coast,Sep-25,1,16,14.3,100,0,0,6.3,0,56.3,0,0,0
144,Capricorn Coast,Sep-25,2,642,0.2,63.1,7,0.6,20.1,38,45.6,34,5.3,4
144,Capricorn Coast,Sep-25,3,1767,1.4,49.8,31,3.6,12.4,18.3,57.2,72,4.1,64
144,Capricorn Coast,Sep-25,4,2005,-1.5,70.8,28,7.4,3.2,23.4,80.6,79,3.9,148
144,Capricorn Coast,Sep-25,5,336,-2,92.1,25,8.3,0.3,0,90.8,5,1.5,28
144,Capricorn Coast,Sep-25,ALL,4766,-0.2,62.9,23,5.1,8.7,25.1,67.9,190,4,244
145,Woorabinda,Sep-25,1,0,-100,-,-,-,-,-,-,0,-,0
145,Woorabinda,Sep-25,2,70,-23.9,89.7,0,2.9,8.6,100,77.1,2,2.9,2
145,Woorabinda,Sep-25,3,270,-30.9,95.4,0,4.1,8.5,82.6,88.5,17,6.3,11
145,Woorabinda,Sep-25,4,264,55.3,100,0,4.5,2.3,100,97,7,2.7,12
145,Woorabinda,Sep-25,5,111,13.3,100,0,1.8,0,-,98.2,2,1.8,2
145,Woorabinda,Sep-25,ALL,715,-5.2,97.2,0,3.8,4.9,88.6,92,28,3.9,27
152,Barcaldine,Sep-25,1,2,100,100,0,0,50,0,0,0,0,0
152,Barcaldine,Sep-25,2,39,-13.3,92.3,0,0,59,73.9,79.5,1,2.6,0
152,Barcaldine,Sep-25,3,156,-1.3,93.5,0,0.6,21.8,82.4,82.7,4,2.6,1
152,Barcaldine,Sep-25,4,313,41.6,97,0,3.2,6.7,76.2,93.9,1,0.3,10
152,Barcaldine,Sep-25,5,110,6.8,100,1,5.5,1.8,50,93.6,0,0,6
152,Barcaldine,Sep-25,ALL,620,17.4,96.2,0,2.7,13.1,76.5,89.8,6,1,17
153,Blackall,Sep-25,1,0,-100,-,-,-,-,-,-,0,-,0
153,Blackall,Sep-25,2,46,9.5,97.8,0,0,58.7,96.3,95.7,0,0,0
153,Blackall,Sep-25,3,115,42,95.6,0,0,33.9,92.3,88.7,1,0.9,0
153,Blackall,Sep-25,4,143,-27.4,99.3,0,0,14,90,96.5,1,0.7,0
153,Blackall,Sep-25,5,81,-2.4,100,0,1.2,4.9,100,97.5,0,0,1
153,Blackall,Sep-25,ALL,385,-4.7,98.1,0,0.3,23.4,93.3,94.3,2,0.5,1
156,Longreach,Sep-25,1,3,50,100,0,0,100,100,100,0,0,0
156,Longreach,Sep-25,2,68,-26.1,98.5,1,1.5,55.9,71.1,70.6,1,1.5,1
156,Longreach,Sep-25,3,283,-4.4,88.5,6,1.8,27.6,61.5,69.6,2,0.7,5
156,Longreach,Sep-25,4,643,11.8,86.9,16,4.4,7.5,66.7,83,1,0.2,28
156,Longreach,Sep-25,5,601,-14.1,96.6,21,6.3,4,87.5,93.5,0,0,38
156,Longreach,Sep-25,ALL,1598,-4,91,12,4.5,12,68.6,84.1,4,0.3,72
159,Winton,Sep-25,1,0,-100,-,-,-,-,-,-,0,-,0
159,Winton,Sep-25,2,20,-44.4,95,0,0,45,100,85,0,0,0
159,Winton,Sep-25,3,73,14.1,94.5,0,0,34.2,92,87.7,2,2.7,0
159,Winton,Sep-25,4,137,2.2,100,0,0,8.8,100,97.1,2,1.5,0
159,Winton,Sep-25,5,128,2.4,100,0,0,2.3,100,98.4,1,0.8,0
159,Winton,Sep-25,ALL,358,-0.8,98.6,0,0,13.7,95.9,95,5,1.4,0
171,Clermont MPHS,Sep-25,1,1,-90.9,100,1,0,0,-,100,1,100,0
171,Clermont MPHS,Sep-25,2,80,25,82.5,9,0,40,90.6,87.5,0,0,0
171,Clermont MPHS,Sep-25,3,197,34,88.7,10,0,19.3,92.1,93.9,0,0,0
171,Clermont MPHS,Sep-25,4,332,31.7,94.4,15,0,6,90,96.1,0,0,0
171,Clermont MPHS,Sep-25,5,162,43.4,96,18,0.6,4.9,100,99.4,1,0.6,1
171,Clermont MPHS,Sep-25,ALL,772,31.5,91.8,13,0.1,12.7,91.8,95.3,2,0.3,1
172,Mackay,Sep-25,1,139,14.9,100,1,0,68.3,31.6,30.9,3,2.2,0
172,Mackay,Sep-25,2,4721,18.7,95.8,8,0.3,53.1,22.7,37.3,85,1.8,16
172,Mackay,Sep-25,3,5862,-5.2,65.5,21,3.7,34.2,19.7,47.6,229,3.9,219
172,Mackay,Sep-25,4,2789,-13.9,77.9,26,4.7,9.9,24.5,73.5,83,3,130
172,Mackay,Sep-25,5,363,-18.2,92.4,23,8,3.3,50,88.4,7,1.9,29
172,Mackay,Sep-25,ALL,13874,-0.6,79.5,11,2.8,35.3,21.8,50.2,407,2.9,394
173,Moranbah,Sep-25,1,3,200,100,1,0,0,-,66.7,0,0,0
173,Moranbah,Sep-25,2,151,15.3,82.1,8,0,10.6,68.8,73.5,1,0.7,0
173,Moranbah,Sep-25,3,525,19,82.9,12,0.6,8.6,62.2,85.7,3,0.6,3
173,Moranbah,Sep-25,4,1135,80.2,96,15,0.2,1.7,63.2,94.4,8,0.7,2
173,Moranbah,Sep-25,5,597,23.3,98.8,15,1.3,1.2,100,98.7,2,0.3,8
173,Moranbah,Sep-25,ALL,2411,42.9,92.6,13,0.5,3.6,66.7,92.2,14,0.6,13
174,Proserpine,Sep-25,1,25,47.1,100,1,0,48,33.3,36,0,0,0
174,Proserpine,Sep-25,2,526,53.4,82.8,9,0.4,56.3,35.5,52.1,2,0.4,2
174,Proserpine,Sep-25,3,1733,21.9,78.8,18,1.3,33.1,31.4,69.1,8,0.5,22
174,Proserpine,Sep-25,4,2053,-2.1,82.9,25,2.4,11,50.7,89,11,0.5,50
174,Proserpine,Sep-25,5,525,-37.6,93.5,28,4.6,4.8,52,94.5,4,0.8,24
174,Proserpine,Sep-25,ALL,4862,3,82.5,19,2,23.3,36.8,78.2,25,0.5,98
175,Sarina,Sep-25,1,2,0,100,1,0,0,-,100,0,0,0
175,Sarina,Sep-25,2,183,39.7,76,9,0,25.7,59.6,78.1,1,0.5,0
175,Sarina,Sep-25,3,577,-4.5,86.5,15,0.2,11.3,47.7,86.8,4,0.7,1
175,Sarina,Sep-25,4,770,-18.5,96.1,16,1.2,4.5,57.1,96.1,8,1,9
175,Sarina,Sep-25,5,647,30.4,98.4,23,1.4,0.3,0,98.5,3,0.5,9
175,Sarina,Sep-25,ALL,2179,0,92.2,16,0.9,6.8,53,92.8,16,0.7,19
176,Dysart,Sep-25,1,3,-40,100,1,0,33.3,100,100,0,0,0
176,Dysart,Sep-25,2,75,23,96,4,0,52,89.7,94.7,0,0,0
176,Dysart,Sep-25,3,214,-0.5,95.2,8,1.9,18.2,87.2,96.3,3,1.4,4
176,Dysart,Sep-25,4,273,-7.5,99.3,6,0.4,2.9,100,98.9,6,2.2,1
176,Dysart,Sep-25,5,53,-59.8,100,6,1.9,0,-,100,0,0,1
176,Dysart,Sep-25,ALL,618,-12.7,97.5,6,1,14.1,89.7,97.6,9,1.5,6
191,Ayr,Sep-25,1,15,50,100,0,0,13.3,50,73.3,0,0,0
191,Ayr,Sep-25,2,286,49,54.2,10,0.3,35,69,78,3,1,1
191,Ayr,Sep-25,3,1221,19.6,70.2,18,0.6,21.1,63.2,83.1,13,1.1,7
191,Ayr,Sep-25,4,1515,-19.7,86.6,20,1.4,5.7,63.2,93.6,15,1,21
191,Ayr,Sep-25,5,412,-27.3,97.7,18,4.9,1,75,98.1,5,1.2,20
191,Ayr,Sep-25,ALL,3449,-6.2,79,17,1.4,13.1,64.5,89,36,1,49
192,Bowen,Sep-25,1,21,31.3,100,1,0,23.8,40,33.3,0,0,0
192,Bowen,Sep-25,2,392,40,78.4,9,0.5,27.6,25,48.5,2,0.5,2
192,Bowen,Sep-25,3,1174,10.4,60,27,1.8,18.3,16.3,64.1,8,0.7,21
192,Bowen,Sep-25,4,1697,-6.9,61.1,48,7.4,3.5,18.6,84.1,7,0.4,125
192,Bowen,Sep-25,5,523,29.5,88.5,33,9.4,0.2,0,92.2,2,0.4,49
192,Bowen,Sep-25,ALL,3807,6.2,66,29,5.2,10.2,19.3,75.1,19,0.5,197
193,Charters Towers,Sep-25,1,10,-23.1,100,0,0,40,75,80,0,0,0
193,Charters Towers,Sep-25,2,251,21.3,59.4,8,0.8,41.8,92.4,91.6,2,0.8,2
193,Charters Towers,Sep-25,3,711,16.6,73.4,17,0.3,31.4,87.4,89.6,8,1.1,2
193,Charters Towers,Sep-25,4,1212,-1.7,87.7,18,2.2,10.6,85.2,96,13,1.1,27
193,Charters Towers,Sep-25,5,628,-31.6,97.4,16,5.4,1.8,90.9,98.9,10,1.6,34
193,Charters Towers,Sep-25,ALL,2812,-5.7,83.1,16,2.3,16.7,87.9,94.6,33,1.2,65
196,Ingham,Sep-25,1,6,-57.1,100,1,0,33.3,50,50,0,0,0
196,Ingham,Sep-25,2,260,18.7,75.8,7,0,50.4,60.3,64.2,2,0.8,0
196,Ingham,Sep-25,3,992,32.3,79.2,13,1.2,27.6,60.2,73.6,8,0.8,12
196,Ingham,Sep-25,4,939,-17,90.3,13,1.7,9.4,62.5,85.9,17,1.8,16
196,Ingham,Sep-25,5,648,13.7,97.1,13,3.9,8.2,83,94.4,3,0.5,25
196,Ingham,Sep-25,ALL,2845,6,86.1,12,1.9,19.3,62.8,81.5,30,1.1,53
197,Joyce Palmer HS,Sep-25,1,6,50,100,0,0,50,100,100,1,16.7,0
197,Joyce Palmer HS,Sep-25,2,167,5,71.3,7,1.2,38.3,79.7,74.3,6,3.6,2
197,Joyce Palmer HS,Sep-25,3,520,22.9,84,12,1.5,24,71.2,84.2,13,2.5,8
197,Joyce Palmer HS,Sep-25,4,543,3,93,11,4.6,10.3,83.9,90.6,28,5.2,25
197,Joyce Palmer HS,Sep-25,5,416,52.4,99.4,8,4.6,1.2,100,96.9,14,3.4,19
197,Joyce Palmer HS,Sep-25,ALL,1652,19.2,89.2,10,3.3,15.3,77.1,88.6,62,3.8,54
200,Townsville,Sep-25,1,154,-10.5,100,0,0,81.8,63.5,59.7,0,0,0
200,Townsville,Sep-25,2,3643,0.9,80,4,0.2,48.7,28.2,38.6,103,2.8,8
200,Townsville,Sep-25,3,12200,-0.3,68,17,4.1,30.2,20.6,42.4,853,7,503
200,Townsville,Sep-25,4,7108,-1.7,74.8,28,7.5,17.3,23.2,57.6,446,6.3,533
200,Townsville,Sep-25,5,840,-3.2,89.9,29,9.5,7.1,35,80.4,39,4.6,80
200,Townsville,Sep-25,ALL,23945,-0.7,72.8,16,4.7,28.7,23.9,47.8,1441,6,1124
201,Royal Brisbane & Women's,Sep-25,1,407,10.6,100,0,0,80.8,40.7,41,7,1.7,0
201,Royal Brisbane & Women's,Sep-25,2,3284,1.8,68,8,0.5,51.7,25.7,38.2,101,3.1,16
201,Royal Brisbane & Women's,Sep-25,3,8132,3.1,38,46,4.7,41.9,22.2,34.1,228,2.8,381
201,Royal Brisbane & Women's,Sep-25,4,8551,0.7,58.4,47,8.5,25.8,23.2,45.7,307,3.6,727
201,Royal Brisbane & Women's,Sep-25,5,1660,-6.5,86.1,37,12.6,9.2,30.7,69.2,43,2.6,209
201,Royal Brisbane & Women's,Sep-25,ALL,22034,1.3,55.1,34,6,35.3,24.2,42,686,3.1,1333
202,Queensland Children's,Sep-25,1,83,-5.7,100,1,0,81.9,47.1,47,0,0,0
202,Queensland Children's,Sep-25,2,2625,3.8,90.2,7,0,62.1,52.8,61,2,0.1,0
202,Queensland Children's,Sep-25,3,7215,10.3,74.5,16,0.8,32.4,33.4,53.8,183,2.5,61
202,Queensland Children's,Sep-25,4,7970,-4.9,82.3,21,3,13.2,33,65.9,291,3.7,239
202,Queensland Children's,Sep-25,5,943,-44.7,95.1,23,4,4,57.9,83.2,20,2.1,38
202,Queensland Children's,Sep-25,ALL,18836,-2.1,81.1,15,1.8,27.2,39.8,61.4,496,2.6,338
211,Atherton,Sep-25,1,25,-19.4,100,1,0,48,25,44,1,4,0
211,Atherton,Sep-25,2,548,15.6,81.9,6,0.7,43.6,26.8,45.3,7,1.3,4
211,Atherton,Sep-25,3,1845,1.9,77.5,15,3.8,27.2,21.7,57.7,11,0.6,71
211,Atherton,Sep-25,4,2050,0.5,66.7,33,10.6,6.7,29.7,76.5,12,0.6,217
211,Atherton,Sep-25,5,803,-11.4,87.1,25,13.4,2,81.3,89.5,3,0.4,108
211,Atherton,Sep-25,ALL,5271,0.2,75.3,16,7.6,17.2,25.4,68.5,34,0.6,400
212,Babinda,Sep-25,1,3,200,100,1,0,33.3,100,100,0,0,0
212,Babinda,Sep-25,2,81,68.8,84,6,0,49.4,82.5,91.4,0,0,0
212,Babinda,Sep-25,3,199,1.5,87.7,12,1,23.1,84.8,92,0,0,2
212,Babinda,Sep-25,4,335,13.9,96.1,10,3.6,7.5,80,94.3,0,0,12
212,Babinda,Sep-25,5,325,45.7,99.3,10,4.3,8.6,100,98.5,1,0.3,14
212,Babinda,Sep-25,ALL,943,23.8,94.1,10,3,14.8,86.4,95,1,0.1,28
213,Bamaga,Sep-25,1,1,-50,100,0,0,100,100,100,0,0,0
213,Bamaga,Sep-25,2,111,9.9,93.7,3,0,35.1,71.8,78.4,5,4.5,0
213,Bamaga,Sep-25,3,230,-13.9,95.6,11,0,25.7,71.2,83.5,3,1.3,0
213,Bamaga,Sep-25,4,544,-17.1,98.1,13,2.6,6.4,85.7,97.2,1,0.2,14
213,Bamaga,Sep-25,5,657,-3,99.4,14,4.6,0.9,100,98.5,1,0.2,30
213,Bamaga,Sep-25,ALL,1543,-9.4,97.8,11,2.9,9.1,76.4,94.4,10,0.6,44
214,Cairns,Sep-25,1,382,10.7,100,1,0,85.1,37.5,38.5,1,0.3,0
214,Cairns,Sep-25,2,5186,22.4,76.8,6,0.4,57.6,34.2,41.5,110,2.1,20
214,Cairns,Sep-25,3,10801,8.6,69.8,17,2.1,43.1,31,44.3,465,4.3,228
214,Cairns,Sep-25,4,5747,-6.7,83.7,20,4.9,19.6,34.6,62.2,347,6,280
214,Cairns,Sep-25,5,888,-3.2,96,21,8.3,6.3,35.7,78.3,66,7.4,74
214,Cairns,Sep-25,ALL,23004,6.5,76.3,13,2.6,39.8,32.8,49.3,989,4.3,602
216,Cooktown,Sep-25,1,2,-33.3,100,0,0,100,0,0,0,0,0
216,Cooktown,Sep-25,2,182,80.2,95.5,1,2.2,50.5,68.5,72,4,2.2,4
216,Cooktown,Sep-25,3,525,40.4,94.5,6,2.5,36.8,78.8,85.3,8,1.5,13
216,Cooktown,Sep-25,4,943,-6.5,89.9,15,5.4,8.4,74.7,93.7,1,0.1,51
216,Cooktown,Sep-25,5,546,0.4,95.9,15,6.6,2.4,92.3,96.5,1,0.2,36
216,Cooktown,Sep-25,ALL,2198,8.2,92.9,10,4.7,17.2,75.5,90.5,14,0.6,104
222,Innisfail,Sep-25,1,22,0,100,1,0,72.7,43.8,59.1,0,0,0
222,Innisfail,Sep-25,2,467,6.6,96.7,4,1.1,43,60.7,71.7,7,1.5,5
222,Innisfail,Sep-25,3,1186,-6,86,10,2,32,58.9,76.3,17,1.4,24
222,Innisfail,Sep-25,4,1985,-9.1,84.9,14,6.3,10.4,61.4,86.3,26,1.3,125
222,Innisfail,Sep-25,5,745,-21.7,93.1,24,10.7,6.7,80,90.2,7,0.9,80
222,Innisfail,Sep-25,ALL,4405,-9.3,87.8,11,5.3,19.4,60.9,82.6,57,1.3,234
223,Mareeba,Sep-25,1,53,-30.3,100,1,0,77.4,65.9,66,0,0,0
223,Mareeba,Sep-25,2,500,-2.3,84.4,5,0.2,43.6,51.8,66.8,8,1.6,1
223,Mareeba,Sep-25,3,1806,14.1,76.5,15,3.5,21,53.2,79.8,7,0.4,63
223,Mareeba,Sep-25,4,2459,7.2,65.7,39,10.7,5.4,43.6,80.9,9,0.4,262
223,Mareeba,Sep-25,5,1197,-28.2,83.3,40,11.5,1.4,41.2,85.5,5,0.4,138
223,Mareeba,Sep-25,ALL,6015,-1.9,74.3,21,7.7,13.1,51.6,80.2,29,0.5,464
224,Mossman,Sep-25,1,17,-15,100,1,0,47.1,37.5,58.8,0,0,0
224,Mossman,Sep-25,2,344,-16.7,75.4,8,0.9,43.6,26.7,49.1,3,0.9,3
224,Mossman,Sep-25,3,943,1.6,80.3,14,2,20.9,26.4,71.8,3,0.3,19
224,Mossman,Sep-25,4,1582,-11,72.6,28,6.3,5.8,37,82.6,5,0.3,100
224,Mossman,Sep-25,5,757,-44.3,90.9,26,9.1,5.5,92.9,91.9,2,0.3,69
224,Mossman,Sep-25,ALL,3643,-19,78.5,18,5.2,13.4,34.4,78.5,13,0.4,191
226,Thursday Island,Sep-25,1,3,-40,100,0,0,66.7,0,0,0,0,0
226,Thursday Island,Sep-25,2,146,-5.2,93.8,1,0,47.9,47.1,52.7,1,0.7,0
226,Thursday Island,Sep-25,3,289,-10.8,91.4,6,2.1,34.3,62.6,73.4,4,1.4,6
226,Thursday Island,Sep-25,4,605,-5.2,96.1,9,6,8.8,52.8,85.6,6,1,36
226,Thursday Island,Sep-25,5,357,-19,98.4,9,5.6,4.5,81.3,94.1,0,0,20
226,Thursday Island,Sep-25,ALL,1400,-10.4,95.2,7,4.4,17.1,56.7,81.6,11,0.8,62
227,Tully,Sep-25,1,15,-16.7,100,0,0,93.3,57.1,53.3,0,0,0
227,Tully,Sep-25,2,248,40.1,83.4,6,0,54.8,53.7,67.7,1,0.4,0
227,Tully,Sep-25,3,603,9.2,80.5,12,1.2,29.9,56.7,80.6,6,1,7
227,Tully,Sep-25,4,1185,-6.5,83.6,18,2.9,10.3,72.1,92.7,2,0.2,34
227,Tully,Sep-25,5,409,-2.9,96.6,27,5.6,4.2,82.4,93.9,1,0.2,23
227,Tully,Sep-25,ALL,2460,1,84.6,14,2.6,19.1,60.8,87.2,10,0.4,64
228,Weipa,Sep-25,1,9,-10,100,0,0,44.4,50,44.4,0,0,0
228,Weipa,Sep-25,2,239,29.2,63.7,5,0.8,31.8,50,59,4,1.7,2
228,Weipa,Sep-25,3,548,10.7,60.3,23,1.6,17.7,55.7,78.6,10,1.8,9
228,Weipa,Sep-25,4,1031,11.9,70,36,6,3.1,43.8,89.9,7,0.7,62
228,Weipa,Sep-25,5,476,5.8,93.2,37,7.8,0.6,66.7,95.4,1,0.2,37
228,Weipa,Sep-25,ALL,2303,11.7,71.4,28,4.8,9.2,51.9,85,22,1,110
243,Cloncurry MPHS,Sep-25,1,2,0,100,1,0,0,-,0,0,0,0
243,Cloncurry MPHS,Sep-25,2,158,90.4,95.5,2,0.6,40.5,85.9,88,2,1.3,1
243,Cloncurry MPHS,Sep-25,3,373,26,95.9,3,1.3,20.1,81.3,91.2,7,1.9,5
243,Cloncurry MPHS,Sep-25,4,344,-13.6,97.4,2,2.9,4.4,93.3,97.7,7,2,10
243,Cloncurry MPHS,Sep-25,5,459,-3.2,99.1,4,4.4,4.6,95.2,96.7,1,0.2,20
243,Cloncurry MPHS,Sep-25,ALL,1336,6.6,97.2,3,2.7,13.1,85.7,94.2,17,1.3,36
245,Julia Creek MPHS,Sep-25,1,0,-100,-,-,-,-,-,-,0,-,0
245,Julia Creek MPHS,Sep-25,2,19,111.1,100,0,0,15.8,33.3,52.6,0,0,0
245,Julia Creek MPHS,Sep-25,3,82,9.3,97.6,0,0,15.9,100,92.7,0,0,0
245,Julia Creek MPHS,Sep-25,4,144,-11.7,97.4,0,0,0.7,100,97.2,0,0,0
245,Julia Creek MPHS,Sep-25,5,181,7.7,100,2,1.7,0,-,100,0,0,3
245,Julia Creek MPHS,Sep-25,ALL,426,2.4,98.5,0,0.7,4,88.2,95.5,0,0,3
246,Mount Isa,Sep-25,1,29,-37,100,0,0,72.4,38.1,44.8,0,0,0
246,Mount Isa,Sep-25,2,945,-6.7,86.3,5,0,43.5,55.7,64.6,22,2.3,0
246,Mount Isa,Sep-25,3,2924,7.3,72.9,15,3.7,22.4,45.3,72.7,97,3.3,109
246,Mount Isa,Sep-25,4,4156,-0.8,70.6,34,6.5,5.5,57.2,88.9,123,3,271
246,Mount Isa,Sep-25,5,1144,-17.7,95.7,31,7.7,1.7,80,96.6,26,2.3,88
246,Mount Isa,Sep-25,ALL,9198,-1.8,75.8,20,5.1,14.5,50.9,82.1,268,2.9,468
247,Normanton,Sep-25,1,2,-,100,0,0,0,-,50,0,0,0
247,Normanton,Sep-25,2,59,0,94.9,0,0,39,78.3,74.6,0,0,0
247,Normanton,Sep-25,3,265,-4.3,96.5,0,1.1,26,89.9,90.9,8,3,3
247,Normanton,Sep-25,4,357,-8,98.5,1,2.8,8.4,93.3,96.4,0,0,10
247,Normanton,Sep-25,5,228,70.1,99.5,0,1.8,3.1,100,97.4,0,0,4
247,Normanton,Sep-25,ALL,911,6.2,97.9,0,1.9,14.2,89.1,93.5,8,0.9,17
249,Mornington Island,Sep-25,1,5,400,100,0,0,0,-,20,0,0,0
249,Mornington Island,Sep-25,2,63,-3.1,93.5,0,1.6,6.3,25,50.8,7,11.1,1
249,Mornington Island,Sep-25,3,287,75,95,2,2.1,5.6,81.3,74.9,17,5.9,6
249,Mornington Island,Sep-25,4,563,0.4,96.8,3,8.5,1.6,77.8,92.4,22,3.9,48
249,Mornington Island,Sep-25,5,266,52,100,2,5.6,0.8,100,98.5,6,2.3,15
249,Mornington Island,Sep-25,ALL,1184,22.6,96.9,2,5.9,2.6,74.2,87,52,4.4,70
252,Doomadgee,Sep-25,1,11,266.7,100,0,0,9.1,100,54.5,1,9.1,0
252,Doomadgee,Sep-25,2,139,-15.2,93.5,3,0.7,17.3,91.7,71.9,6,4.3,1
252,Doomadgee,Sep-25,3,514,-27.2,88.1,10,4.5,7.8,72.5,90.5,14,2.7,23
252,Doomadgee,Sep-25,4,770,-12.1,93.8,14,10.3,1,75,97.5,4,0.5,79
252,Doomadgee,Sep-25,5,472,6.3,98.5,13,6.6,1.3,100,97.5,4,0.8,31
252,Doomadgee,Sep-25,ALL,1906,-13.1,93.3,10,7,4.1,81,93.5,29,1.5,134
934,Robina,Sep-25,1,111,-7.5,98.2,1,0,55.9,45.2,51.4,0,0,0
934,Robina,Sep-25,2,4587,5.8,72.7,7,0.3,39.7,42.5,50.3,184,4,14
934,Robina,Sep-25,3,9561,8.5,75.8,15,1,33.8,34.6,48.2,427,4.5,98
934,Robina,Sep-25,4,4095,6.9,86.1,18,2.2,14.2,36.3,67.2,221,5.4,91
934,Robina,Sep-25,5,306,-16.4,96.1,14,7.2,9.2,39.3,80.4,25,8.2,22
934,Robina,Sep-25,ALL,18660,6.9,77.7,12,1.2,30.7,37.4,53.4,857,4.6,225
936,Gold Coast University,Sep-25,1,632,-22.8,99.7,1,0,75.5,39.6,38.9,12,1.9,0
936,Gold Coast University,Sep-25,2,9479,11,62.4,7,0.5,39.2,17.5,30.9,497,5.2,47
936,Gold Coast University,Sep-25,3,14986,-0.4,61.9,21,3.1,31.1,15.9,36.2,1156,7.7,472
936,Gold Coast University,Sep-25,4,6394,-4.2,75.2,22,6.3,10.6,17.9,58.4,530,8.3,405
936,Gold Coast University,Sep-25,5,483,-15.7,86,22,11.2,4.3,57.1,71.8,52,10.8,54
936,Gold Coast University,Sep-25,ALL,31974,1,65.7,14,3.1,29.9,17.9,39.7,2247,7,978
99999,Queensland,Sep-25,1,5753,3,99.9,1,0,73.7,39.5,40.9,66,1.1,0
99999,Queensland,Sep-25,2,118146,9.7,69.7,7,0.4,48.2,32.6,41.1,4571,3.9,513
99999,Queensland,Sep-25,3,256974,3.6,63.6,20,2.8,34.3,28.6,46.6,16564,6.4,7166
99999,Queensland,Sep-25,4,178448,-2.9,75.7,24,5.6,12.2,33.4,71.2,9214,5.2,10011
99999,Queensland,Sep-25,5,42826,-10.3,93.7,18,7.2,3.9,61.3,89.9,1115,2.6,3072
99999,Queensland,Sep-25,ALL,602147,1.6,70.5,16,3.4,28.7,31.1,55.8,31530,5.2,20762
